{
  "states": [
    {
      "meshFileName": "hint_0.asset",
      "position": {
        "x": 9.5367431640625e-7,
        "y": 4.0,
        "z": 0.0000019073486328125
      },
      "rotation": {
        "x": 0.0,
        "y": 0.0,
        "z": 0.0,
        "w": 1.0
      },
      "colliderSize": {
        "x": 8.0,
        "y": 8.0,
        "z": 0.0010000000474974514
      },
      "mode": 5,
      "isGoal": false
    },
    {
      "meshFileName": "hint_1.asset",
      "position": {
        "x": 5.960464477539063e-8,
        "y": 4.000000953674316,
        "z": -0.49999427795410159
      },
      "rotation": {
        "x": 0.0,
        "y": 0.0,
        "z": 0.7071068286895752,
        "w": 0.7071068286895752
      },
      "colliderSize": {
        "x": 8.0,
        "y": 8.0,
        "z": 1.001999855041504
      },
      "mode": 5,
      "isGoal": false
    },
    {
      "meshFileName": "goal.asset",
      "position": {
        "x": 0.0,
        "y": 4.0,
        "z": 0.0
      },
      "rotation": {
        "x": 0.0,
        "y": 0.0,
        "z": 0.0,
        "w": 1.0
      },
      "colliderSize": {
        "x": 8.000001907348633,
        "y": 8.000001907348633,
        "z": 2.001999855041504
      },
      "mode": 0,
      "isGoal": true
    }
  ]
}
