{
  "states": [
    {
      "meshFileName": "hint_0.asset",
      "position": {
        "x": -9.5367431640625e-7,
        "y": 1.0,
        "z": -0.00000762939453125
      },
      "rotation": {
        "x": 0.0,
        "y": 0.0,
        "z": 0.0,
        "w": 1.0
      },
      "colliderSize": {
        "x": 2.0,
        "y": 2.0,
        "z": 2.0
      },
      "mode": 3,
      "isGoal": false
    },
    {
      "meshFileName": "hint_1.asset",
      "position": {
        "x": 4.76837158203125e-7,
        "y": 1.000000238418579,
        "z": -9.5367431640625e-7
      },
      "rotation": {
        "x": 0.0,
        "y": 0.7071068286895752,
        "z": 0.0,
        "w": 0.7071068286895752
      },
      "colliderSize": {
        "x": 4.0,
        "y": 2.0,
        "z": 2.0
      },
      "mode": 3,
      "isGoal": false
    },
    {
      "meshFileName": "hint_2.asset",
      "position": {
        "x": 9.5367431640625e-7,
        "y": 2.0000007152557375,
        "z": -0.0000019073486328125
      },
      "rotation": {
        "x": 0.5,
        "y": 0.5,
        "z": -0.5,
        "w": 0.5
      },
      "colliderSize": {
        "x": 4.000001907348633,
        "y": 2.0,
        "z": 4.000000476837158
      },
      "mode": 3,
      "isGoal": false
    },
    {
      "meshFileName": "goal.asset",
      "position": {
        "x": 0.0,
        "y": 2.0,
        "z": 0.0
      },
      "rotation": {
        "x": 0.0,
        "y": 0.0,
        "z": 0.0,
        "w": 1.0
      },
      "colliderSize": {
        "x": 4.0,
        "y": 4.000000953674316,
        "z": 4.000001907348633
      },
      "mode": 0,
      "isGoal": true
    }
  ]
}
