{
    "states": [
        {
            "meshFileName": "hint_0.asset",
            "position": {
                "x": -2.9802322387695315e-8,
                "y": 4.000000953674316,
                "z": -2.9999961853027345
            },
            "rotation": {
                "x": 0.0,
                "y": 1.0,
                "z": 0.0,
                "w": 0.0
            },
            "colliderSize": {
                "x": 8.0,
                "y": 8.0,
                "z": 0.0010000000474974514
            },
            "mode": 1,
            "isGoal": false
        },
        {
            "meshFileName": "hint_1.asset",
            "position": {
                "x": 2.9802322387695315e-8,
                "y": 1.0010048151016236,
                "z": -0.000003814697265625
            },
            "rotation": {
                "x": 0.0,
                "y": 0.7071068286895752,
                "z": -0.7071068286895752,
                "w": 0.0
            },
            "colliderSize": {
                "x": 2.0020084381103517,
                "y": 8.0,
                "z": 2.0020084381103517
            },
            "mode": 7,
            "isGoal": false
        },
        {
            "meshFileName": "hint_2.asset",
            "position": {
                "x": 2.9802322387695315e-8,
                "y": 1.0010052919387818,
                "z": -0.9999904632568359
            },
            "rotation": {
                "x": 0.0,
                "y": 0.7071068286895752,
                "z": 0.0,
                "w": 0.7071068286895752
            },
            "colliderSize": {
                "x": 6.002009391784668,
                "y": 2.002009630203247,
                "z": 8.0
            },
            "mode": 1,
            "isGoal": false
        },
        {
            "meshFileName": "goal.asset",
            "position": {
                "x": 0.5000218152999878,
                "y": 1.0010048151016236,
                "z": -0.0000019073486328125
            },
            "rotation": {
                "x": 0.0,
                "y": 0.0,
                "z": 0.0,
                "w": 1.0
            },
            "colliderSize": {
                "x": 10.047769546508789,
                "y": 2.002009630203247,
                "z": 8.105100631713868
            },
            "mode": 0,
            "isGoal": true
        }
    ]
}