{
    "states": [
        {
            "meshFileName": "hint_0.asset",
            "position": {
                "x": -0.000012427568435668945,
                "y": 4.0,
                "z": 0.0000019073486328125
            },
            "rotation": {
                "x": 0.0,
                "y": 0.0,
                "z": 0.0,
                "w": 1.0
            },
            "colliderSize": {
                "x": 8.0,
                "y": 8.0,
                "z": 0.0010000000474974514
            },
            "mode": 4,
            "isGoal": false
        },
        {
            "meshFileName": "hint_1.asset",
            "position": {
                "x": 1.0,
                "y": 4.0,
                "z": -2.000001907348633
            },
            "rotation": {
                "x": 0.0,
                "y": 0.0,
                "z": 0.0,
                "w": 1.0
            },
            "colliderSize": {
                "x": 4.0,
                "y": 8.0,
                "z": 0.0019998550415039064
            },
            "mode": 2,
            "isGoal": false
        },
        {
            "meshFileName": "goal.asset",
            "position": {
                "x": 2.9802322387695315e-8,
                "y": 2.0009937286376955,
                "z": -0.9999923706054688
            },
            "rotation": {
                "x": 0.5,
                "y": 0.5,
                "z": 0.5,
                "w": -0.5
            },
            "colliderSize": {
                "x": 4.001986980438232,
                "y": 8.0,
                "z": 4.001987457275391
            },
            "mode": 0,
            "isGoal": true
        }
    ]
}