{
  "states": [
    {
      "meshFileName": "hint_0.asset",
      "position": {
        "x": 0.0,
        "y": 0.005000472068786621,
        "z": 0.0004177093505859375
      },
      "rotation": {
        "x": 0.7071068286895752,
        "y": 0.0,
        "z": 0.0,
        "w": 0.7071068286895752
      },
      "colliderSize": {
        "x": 8.0,
        "y": 8.0,
        "z": 0.009999999776482582
      },
      "mode": 1,
      "isGoal": false
    },
    {
      "meshFileName": "goal.asset",
      "position": {
        "x": 0.0,
        "y": 8.0,
        "z": 0.0
      },
      "rotation": {
        "x": 0.7071068286895752,
        "y": 0.0,
        "z": 0.0,
        "w": 0.7071068286895752
      },
      "colliderSize": {
        "x": 16.000835418701173,
        "y": 0.0020009540021419527,
        "z": 16.000835418701173
      },
      "mode": 0,
      "isGoal": true
    }
  ]
}
