{
    "states": [
        {
            "meshFileName": "hint_0.asset",
            "position": {
                "x": 4.76837158203125e-7,
                "y": 4.0,
                "z": -2.999990463256836
            },
            "rotation": {
                "x": 0.0,
                "y": 0.0,
                "z": 0.0,
                "w": 1.0
            },
            "colliderSize": {
                "x": 8.0,
                "y": 8.0,
                "z": 0.0010000000474974514
            },
            "mode": 2,
            "isGoal": false
        },
        {
            "meshFileName": "hint_1.asset",
            "position": {
                "x": -4.76837158203125e-7,
                "y": 1.0010137557983399,
                "z": -1.0000019073486329
            },
            "rotation": {
                "x": 0.5,
                "y": 0.5,
                "z": -0.5,
                "w": 0.5
            },
            "colliderSize": {
                "x": 2.0020275115966799,
                "y": 8.0,
                "z": 2.0020275115966799
            },
            "mode": 2,
            "isGoal": false
        },
        {
            "meshFileName": "goal.asset",
            "position": {
                "x": 4.76837158203125e-7,
                "y": 4.001004695892334,
                "z": -0.00002002716064453125
            },
            "rotation": {
                "x": 0.7071068286895752,
                "y": 0.0,
                "z": 0.0,
                "w": 0.7071068286895752
            },
            "colliderSize": {
                "x": 8.002008438110352,
                "y": 2.0020275115966799,
                "z": 8.002008438110352
            },
            "mode": 0,
            "isGoal": true
        }
    ]
}