{
  "states": [
    {
      "meshFileName": "hint_0.asset",
      "position": {
        "x": 2.9802322387695315e-8,
        "y": 4.0,
        "z": 0.0000019073486328125
      },
      "rotation": {
        "x": 0.0,
        "y": 0.0,
        "z": 0.0,
        "w": 1.0
      },
      "colliderSize": {
        "x": 8.0,
        "y": 8.0,
        "z": 0.0010000000474974514
      },
      "mode": 4,
      "isGoal": false
    },
    {
      "meshFileName": "hint_1.asset",
      "position": {
        "x": 5.960464477539063e-8,
        "y": 4.0,
        "z": -0.9999942779541016
      },
      "rotation": {
        "x": -1.0,
        "y": 0.0,
        "z": 0.0,
        "w": 0.0
      },
      "colliderSize": {
        "x": 4.0,
        "y": 8.0,
        "z": 0.0019998550415039064
      },
      "mode": 1,
      "isGoal": false
    },
    {
      "meshFileName": "hint_2.asset",
      "position": {
        "x": -2.086162567138672e-7,
        "y": 3.0010128021240236,
        "z": -1.4999980926513672
      },
      "rotation": {
        "x": 0.5,
        "y": 0.5,
        "z": 0.5,
        "w": -0.5
      },
      "colliderSize": {
        "x": 3.0010128021240236,
        "y": 8.0,
        "z": 6.002025604248047
      },
      "mode": 1,
      "isGoal": false
    },
    {
      "meshFileName": "goal.asset",
      "position": {
        "x": 0.0,
        "y": 3.0,
        "z": 0.0
      },
      "rotation": {
        "x": 0.0,
        "y": 0.0,
        "z": 0.0,
        "w": 1.0
      },
      "colliderSize": {
        "x": 8.001018524169922,
        "y": 6.002025604248047,
        "z": 8.001018524169922
      },
      "mode": 0,
      "isGoal": true
    }
  ]
}
