{
    "states": [
        {
            "meshFileName": "hint_0.asset",
            "position": {
                "x": 8.940696716308594e-8,
                "y": 4.0,
                "z": -0.0000019073486328125
            },
            "rotation": {
                "x": 0.0,
                "y": 0.0,
                "z": 0.0,
                "w": 1.0
            },
            "colliderSize": {
                "x": 8.0,
                "y": 8.0,
                "z": 0.0010000000474974514
            },
            "mode": 4,
            "isGoal": false
        },
        {
            "meshFileName": "hint_1.asset",
            "position": {
                "x": 5.960464477539063e-8,
                "y": 4.0,
                "z": 0.0000057220458984375
            },
            "rotation": {
                "x": 0.0,
                "y": 0.0,
                "z": 0.0,
                "w": 1.0
            },
            "colliderSize": {
                "x": 4.0,
                "y": 8.0,
                "z": 0.00199985783547163
            },
            "mode": 1,
            "isGoal": false
        },
        {
            "meshFileName": "hint_2.asset",
            "position": {
                "x": -2.9802322387695315e-8,
                "y": 4.000000953674316,
                "z": -1.0000019073486329
            },
            "rotation": {
                "x": 0.0,
                "y": -0.7071068286895752,
                "z": 0.0,
                "w": 0.7071068286895752
            },
            "colliderSize": {
                "x": 4.0010151863098148,
                "y": 8.0,
                "z": 8.00202751159668
            },
            "mode": 1,
            "isGoal": false
        },
        {
            "meshFileName": "goal.asset",
            "position": {
                "x": -5.960464477539063e-8,
                "y": 4.000000953674316,
                "z": -0.00008392333984375
            },
            "rotation": {
                "x": 0.0,
                "y": 0.7071068286895752,
                "z": 0.0,
                "w": 0.7071068286895752
            },
            "colliderSize": {
                "x": 6.001983165740967,
                "y": 8.0,
                "z": 3.4982810020446779
            },
            "mode": 0,
            "isGoal": true
        }
    ]
}