{
    "states": [
        {
            "meshFileName": "hint_0.asset",
            "position": {
                "x": 2.9802322387695315e-8,
                "y": 4.0,
                "z": 0.0
            },
            "rotation": {
                "x": 0.0,
                "y": 0.0,
                "z": 0.0,
                "w": 1.0
            },
            "colliderSize": {
                "x": 8.0,
                "y": 8.0,
                "z": 0.0010000000474974514
            },
            "mode": 6,
            "isGoal": false
        },
        {
            "meshFileName": "hint_1.asset",
            "position": {
                "x": -2.9802322387695315e-8,
                "y": 4.000000953674316,
                "z": -2.499990463256836
            },
            "rotation": {
                "x": 0.7071068286895752,
                "y": 0.7071068286895752,
                "z": 0.0,
                "w": 0.0
            },
            "colliderSize": {
                "x": 8.0,
                "y": 8.0,
                "z": 1.572792410850525
            },
            "mode": 2,
            "isGoal": false
        },
        {
            "meshFileName": "goal.asset",
            "position": {
                "x": 2.9802322387695315e-8,
                "y": 4.000001907348633,
                "z": 0.000003814697265625
            },
            "rotation": {
                "x": 0.0,
                "y": 0.0,
                "z": 0.0,
                "w": 1.0
            },
            "colliderSize": {
                "x": 4.572826385498047,
                "y": 8.000001907348633,
                "z": 4.572826385498047
            },
            "mode": 0,
            "isGoal": true
        }
    ]
}