{
  "states": [
    {
      "meshFileName": "hint_0.asset",
      "position": {
        "x": 0.0,
        "y": 4.0,
        "z": -2.0000476837158205
      },
      "rotation": {
        "x": 0.0,
        "y": 0.0,
        "z": 0.0,
        "w": 1.0
      },
      "colliderSize": {
        "x": 8.0,
        "y": 8.0,
        "z": 0.0010000000474974514
      },
      "mode": 1,
      "isGoal": false
    },
    {
      "meshFileName": "hint_1.asset",
      "position": {
        "x": 0.00014737248420715332,
        "y": 2.00095272064209,
        "z": 0.0
      },
      "rotation": {
        "x": 0.5,
        "y": 0.5,
        "z": -0.5,
        "w": 0.5
      },
      "colliderSize": {
        "x": 4.00190544128418,
        "y": 8.0,
        "z": 4.00190544128418
      },
      "mode": 1,
      "isGoal": false
    },
    {
      "meshFileName": "goal.asset",
      "position": {
        "x": 0.0,
        "y": 2.0,
        "z": 0.0
      },
      "rotation": {
        "x": 0.0,
        "y": 0.0,
        "z": 0.0,
        "w": 1.0
      },
      "colliderSize": {
        "x": 12.001913070678711,
        "y": 4.00190544128418,
        "z": 12.001913070678711
      },
      "mode": 0,
      "isGoal": true
    }
  ]
}
