{
    "states": [
        {
            "meshFileName": "hint_0.asset",
            "position": {
                "x": -5.960464477539063e-8,
                "y": 4.0,
                "z": 0.00000286102294921875
            },
            "rotation": {
                "x": 0.0,
                "y": 0.0,
                "z": 0.0,
                "w": 1.0
            },
            "colliderSize": {
                "x": 8.0,
                "y": 8.0,
                "z": 0.0010000000474974514
            },
            "mode": 5,
            "isGoal": false
        },
        {
            "meshFileName": "hint_1.asset",
            "position": {
                "x": 2.9802322387695315e-8,
                "y": 4.000000953674316,
                "z": -0.00000286102294921875
            },
            "rotation": {
                "x": 0.0,
                "y": 0.7071068286895752,
                "z": 0.0,
                "w": 0.7071068286895752
            },
            "colliderSize": {
                "x": 8.0,
                "y": 8.0,
                "z": 1.0020008087158204
            },
            "mode": 7,
            "isGoal": false
        },
        {
            "meshFileName": "hint_2.asset",
            "position": {
                "x": 2.9802322387695315e-8,
                "y": 4.000001907348633,
                "z": -0.9999980926513672
            },
            "rotation": {
                "x": -0.5,
                "y": 0.5,
                "z": 0.5,
                "w": 0.5
            },
            "colliderSize": {
                "x": 4.209109306335449,
                "y": 8.0,
                "z": 8.000001907348633
            },
            "mode": 1,
            "isGoal": false
        },
        {
            "meshFileName": "goal.asset",
            "position": {
                "x": -2.980232238769531e-7,
                "y": 4.000000953674316,
                "z": -9.5367431640625e-7
            },
            "rotation": {
                "x": 0.0,
                "y": 0.0,
                "z": 0.0,
                "w": 1.0
            },
            "colliderSize": {
                "x": 10.209125518798829,
                "y": 8.000001907348633,
                "z": 10.209125518798829
            },
            "mode": 0,
            "isGoal": true
        }
    ]
}