{
  "states": [
    {
      "meshFileName": "hint_0.asset",
      "position": {
        "x": -0.0005800426006317139,
        "y": 4.0,
        "z": 0.0000019073486328125
      },
      "rotation": {
        "x": 0.0,
        "y": 0.0,
        "z": 0.0,
        "w": 1.0
      },
      "colliderSize": {
        "x": 8.0,
        "y": 8.0,
        "z": 0.0010000000474974514
      },
      "mode": 4,
      "isGoal": false
    },
    {
      "meshFileName": "hint_1.asset",
      "position": {
        "x": 0.0,
        "y": 4.0,
        "z": -2.000001907348633
      },
      "rotation": {
        "x": 0.0,
        "y": 0.0,
        "z": 0.0,
        "w": 1.0
      },
      "colliderSize": {
        "x": 4.0,
        "y": 8.0,
        "z": 0.0019998550415039064
      },
      "mode": 1,
      "isGoal": false
    },
    {
      "meshFileName": "hint_2.asset",
      "position": {
        "x": -5.960464477539063e-8,
        "y": 1.0004993677139283,
        "z": 0.0000019073486328125
      },
      "rotation": {
        "x": 0.7071068286895752,
        "y": 0.7071068286895752,
        "z": 0.0,
        "w": 0.0
      },
      "colliderSize": {
        "x": 2.000997543334961,
        "y": 8.0,
        "z": 4.001995086669922
      },
      "mode": 1,
      "isGoal": false
    },
    {
      "meshFileName": "goal.asset",
      "position": {
        "x": 0.0,
        "y": 1.0,
        "z": 0.0
      },
      "rotation": {
        "x": 0.0,
        "y": 0.0,
        "z": 0.0,
        "w": 1.0
      },
      "colliderSize": {
        "x": 12.002005577087403,
        "y": 2.0009987354278566,
        "z": 12.002005577087403
      },
      "mode": 0,
      "isGoal": true
    }
  ]
}
